Index,Product Name
1,Lampu Led Disco Full Colour
2,Lampu Disco Putar Merek Yazuho YZH-27
3,Lampu Disco LED Putar Stand Mitsuyama MS357
4,Lampu Disco Disko Putar UFO-Mini Otomatis warna warni RGB / minimalis - Putih
5,Lampu led disco magicball
6,Lampu Disco LED Putar Stand Mitsuyama MS357
7,Lampu Disco Putar Merek Yazuho YZH-27
8,Lampu Disco Putar Merek Yazuho YZH-27
9,Lampu Disco Putar Rotate Full Colour Warna Warni
10,Lampu Disco Disko Putar UFO-Mini Otomatis warna warni RGB / minimalis
11,Lampu Disko DJ / Disco + Remote AgM proyektor
12,Lampu Disko/ Crystal Magic Ball Disco LED 20W
13,Lampu Disco Putar Merek Yazuho YZH-27
14,Mini Laser Stage Lighting Sensor Musi Lampu Disco - Party Laser 09-A
15,LAMPU DISCO ROTATE PUTAR FULL COLOR / LAMPU DISCO LED FITTING PUTAR
16,Lampu Disco Putar Merek Yazuho YZH-27
17,Lampu Disco Putar Led Warna Warni E27 3W Disco Lamp Full Colour Rotate - 3W
18,Lampu panggung PAR disco RGB DMX 18W 18 LED
19,Lampu bohlam disco Mitsuyama Ms300 cahaya warna warni - Putih
20,Lampu Disco LED Bulb Party Light Lampu Hias Disko Kamar Full Colour Wa
21,Lampu Par / Sorot / Disco 36 LED warna warni
22,lampu sorot panggung disco led 36 par
23,Lampu Disco Bola 6 LED 3W / Mitsuyama Lampu Disco Bluetooth MS-0707
24,LAMPU DISCO / BOLAM LAMPU DISCO PUTAR
25,Lampu Panggung Disko Pesta DJ Bar Rotating Lamp LED Disco Light Sound
26,Lampu bohlam disco Mitsuyama Ms300 cahaya warna warni
27,Lampu disko/ lampu disco les putar warna warni colourful bohlam dugem
28,Lampu Disco Putar Rotate Full Colour Warna Warni
29,Lampu led 10w rgb warna warni lampu led disco 10 w led sorot 10 watt
30,Lampu Disco Putar Full Colour Rotating Lampu Pesta Disco Warna Warni
31,Lampu Disco Besar Profesional 6 Warna Sensor Suara Mitsuyama
32,Lampu Disco Putar Merek Yazuho YZH-27
33,Lampu Disco Jamur LED / Disco Lamp MP3 Set / CRYSTAL MAGIC BALL LIGHT
34,Lampu Disco Bola 6 LED 3W / Mitsuyama Lampu Disco Bluetooth MS-0707
35,lampu panggung disco dual beam moving dengan led strip
36,Crystal Magic Ball Sound Activated LED Disco Lamp with DMX512
37,Lampu Disco Rotate Putar Full Colour/LAMPU DISCO LED FITTING PUTAR
38,Lampu USB Bohlam LED 3watt BUNGLON Lampu Tidur/Emergency/Disco Warna-i
39,Lampu disko/ lampu disco les putar warna warni colourful bohlam dugem
40,Lampu Disco Besar Profesional 6 Warna Sensor Suara Mitsuyama
41,Lampu Led Disco Music Bluetooth dengan Speaker Subwoofer
42,Lampu disco sensor suara + stand mitsuyama MS 357 Lampu hias Led
43,LAMPU DISCO LED FITTING TUMBLR MINI OTOMATIS DISKO WARNA-WARNI ALLP-01
44,Lampu disco putar full color merek hakamitsu
45,Lampu Cristal LED RGB Disco Putar Remote Control
46,Lampu Disco LED Bulb Party Light Lampu Hias Disko Kamar Full Colour Wa
47,BASEUS CAR CRYSTAL MAGIC BALL LIGHT ROTATING LAMPU DISCO VOICE CONTROL
48,BOHLAM LAMPU DISCO - BOHLAM DISCO FULL COLOUR
49,Bohlam Lampu LED Disco Mitsuyama MS 300
50,Mini Laser Stage Lighting Sensor Music / Lampu Disco Ruangan
51,Lampu Sorot Panggung LED PAR RGB mata Disco warna warni RGBW 54 w watt
52,Lampu Panggung/ LED Disco Rotating Crystal Magic Ball + Remote Control
53,Lampu Disco LED Dua Sisi / Disko 2 Sisi Bolak Balik Merk KYZUKU
54,GE223 ori lampu disco led multi warna kelap kelip bohlam disko motif
55,Sunsonic Lampu LED RGB 3w 3 watt bohlam 3watt warna warni Lampu disco
56,Mini Laser Stage Lighting Sensor Musik Lampu Disco / Panggung / Party
57,Lampu Disco Putar 2 Sisi Full Color
58,Lampu led disco rotating 3w 3 Watt Warna warni
59,Lampu disco sorot panggung 36 led par
60,Lampu led 20w rgb warna warni lampu disco 20 w led sorot 20 watt rgb
61,Lampu LED Disco Putar-Cystal Magic Ball - 20W
62,Lampu LED RGB Disko DJ / Crystal Disco Magic Ball Dugem
63,Lampu Bohlam disco double Mitsuyama MS 352
64,Lampu DISCO LED Fitting e27 tumblr mini otomatis disko warna warni RGB
65,LAMPU DISCO LED / LAMPU LED DISCO E27
66,Lampu disko/ lampu disco les putar warna warni colourful bohlam dugem
67,Lampu sorot panggung disco led 36 par
68,LAMPU DISCO LED FITTING E27 TUMBLR MINI OTOMATIS DISCO WARNA WARNI RGB
69,Lampu LED Speaker bluetooh Arashi disco 6 watt AML 6W RC
70,lampu disc mini model ufo/lampu disco matahari rgb
71,Crystal Magic Ball Sound Activated LED Disco Lamp with DMX512
72,LAMPU LED RGB DISCO COLOK USB LAMPU KABIN MOBIL INTERIOR DISCO LAMP
73,Lampu Disco Led Mini Party
74,Lampu disco e27 mini party LED RGB
75,Lampu Disco Jamur LED / Disco Lamp MP3 Set / CRYSTAL MAGIC BALL LIGHT
76,Paket lampu 8 Par 54 LED Full color dan Mixer Disco 240 + 2 stand ligh
77,Lampu PHILIPS SON 150W E E40 CO - Sodium Promo
78,Lampu Disco / Lampu Dugem / Lampu LED Putar / LED Mini Party Light 3W
79,Lampu Panggung Par Light DISCO 54LED
80,Lampu Disco Putar Rotate Full Colour Warna Warni
